{"cameraMode":{"drawMode":0,"name":"Shaded","section":"Shading Mode"},"sceneLighting":true,"audioPlay":false,"sceneViewState":{"m_AlwaysRefresh":false,"showFog":true,"showSkybox":true,"showFlares":true,"showImageEffects":true,"showParticleSystems":true,"showVisualEffectGraphs":true,"m_FxEnabled":true},"in2DMode":false,"pivot":{"x":-2.5923850536346437,"y":7.588000774383545,"z":-10.99413776397705},"rotation":{"x":0.15311311185359956,"y":0.0991969183087349,"z":-0.015458356589078904,"w":0.9831279516220093},"size":2.2939581871032717,"orthographic":false}